id,nombre,telefono,correoElectronico,contrasena
1,Ana Perez,555-1234,ana.perez@example.com,password1
2,Juan Lopez,555-5678,juan.lopez@example.com,password2
3,María Gomez,555-8765,maria.gomez@example.com,password3
4,Carlos Ruiz,555-2345,carlos.ruiz@example.com,password4
5,Laura Morales,555-6789,laura.morales@example.com,password5
6,Pablo Fernandez,555-9876,pablo.fernandez@example.com,password6
7,Sofia Martinez,555-3456,sofia.martinez@example.com,password7
8,Andres Sanchez,555-7890,andres.sanchez@example.com,password8
9,Elena Gutierrez,555-6543,elena.gutierrez@example.com,password9
10,Diego Castro,555-4567,diego.castro@example.com,password10
11,Lucia Ramos,555-8901,lucia.ramos@example.com,password11
12,Ricardo Romero,555-3210,ricardo.romero@example.com,password12
13,Julia Torres,555-0123,julia.torres@example.com,password13
14,Roberto Diaz,555-2346,roberto.diaz@example.com,password14
15,Adriana Alvarez,555-3457,adriana.alvarez@example.com,password15
16,Oscar Ortiz,555-4568,oscar.ortiz@example.com,password16
17,Valeria Flores,555-5679,valeria.flores@example.com,password17
18,Fernando Silva,555-6780,fernando.silva@example.com,password18
19,Paula Jimenez,555-7891,paula.jimenez@example.com,password19
20,Francisco Herrera,555-8902,francisco.herrera@example.com,password20
21,Isabel Soto,555-9012,isabel.soto@example.com,password21
22,Victor Chavez,555-0124,victor.chavez@example.com,password22
23,Daniela Mendoza,555-2347,daniela.mendoza@example.com,password23
24,Josefa Cruz,555-3458,josefa.cruz@example.com,password24
25,Alberto Morales,555-4569,alberto.morales@example.com,password25
26,Gloria Suarez,555-5670,gloria.suarez@example.com,password26
27,Gustavo Vargas,555-6781,gustavo.vargas@example.com,password27
28,Monica Leon,555-7892,monica.leon@example.com,password28
29,Jorge Castillo,555-8903,jorge.castillo@example.com,password29
30,Patricia Rios,555-9013,patricia.rios@example.com,password30
31,Felipe Peña,555-0125,felipe.pena@example.com,password31
32,Claudia Medina,555-2348,claudia.medina@example.com,password32
33,Antonio Reyes,555-3459,antonio.reyes@example.com,password33
34,Teresa Aguilar,555-4570,teresa.aguilar@example.com,password34
35,Sergio Ortiz,555-5671,sergio.ortiz@example.com,password35
36,Martina Ruiz,555-6782,martina.ruiz@example.com,password36
37,Enrique Soto,555-7893,enrique.soto@example.com,password37
38,Carmen Torres,555-8904,carmen.torres@example.com,password38
39,Raul Diaz,555-9014,raul.diaz@example.com,password39
40,Natalia Vega,555-0126,natalia.vega@example.com,password40
41,Rafael Fuentes,555-2349,rafael.fuentes@example.com,password41
42,Alicia Romero,555-3460,alicia.romero@example.com,password42
43,Eduardo Jimenez,555-4571,eduardo.jimenez@example.com,password43
44,Silvia Gutierrez,555-5672,silvia.gutierrez@example.com,password44
45,Manuel Ramirez,555-6783,manuel.ramirez@example.com,password45
46,Beatriz Navarro,555-7894,beatriz.navarro@example.com,password46
47,Luis Fernandez,555-8905,luis.fernandez@example.com,password47
48,Catalina Soto,555-9015,catalina.soto@example.com,password48
49,Hugo Aguilar,555-0127,hugo.aguilar@example.com,password49
50,Marina Herrera,555-2340,marina.herrera@example.com,password50
